test,robot,variant,align,z_source,config,value,extra,time_s
test1_align2x2,ifo001,VO,SE3,range,"{'bias_mode': 'const', 'range_sigma_floor': 0.4, 'huber_k': 1.0, 'prior_every': 8}",1.2061,,125.5
test1_align2x2,ifo001,VO,Sim3,range,"{'bias_mode': 'const', 'range_sigma_floor': 0.4, 'huber_k': 1.0, 'prior_every': 8}",0.0914,,125.5
test1_align2x2,ifo001,fused,SE3,range,"{'bias_mode': 'const', 'range_sigma_floor': 0.4, 'huber_k': 1.0, 'prior_every': 8}",0.4379,,125.5
test1_align2x2,ifo001,fused,Sim3,range,"{'bias_mode': 'const', 'range_sigma_floor': 0.4, 'huber_k': 1.0, 'prior_every': 8}",0.422,,125.5
test1_align2x2,ifo002,VO,SE3,range,"{'bias_mode': 'const', 'range_sigma_floor': 0.4, 'huber_k': 1.0, 'prior_every': 8}",1.674,,125.5
test1_align2x2,ifo002,VO,Sim3,range,"{'bias_mode': 'const', 'range_sigma_floor': 0.4, 'huber_k': 1.0, 'prior_every': 8}",0.1291,,125.5
test1_align2x2,ifo002,fused,SE3,range,"{'bias_mode': 'const', 'range_sigma_floor': 0.4, 'huber_k': 1.0, 'prior_every': 8}",0.418,,125.5
test1_align2x2,ifo002,fused,Sim3,range,"{'bias_mode': 'const', 'range_sigma_floor': 0.4, 'huber_k': 1.0, 'prior_every': 8}",0.4155,,125.5
test1_align2x2,ifo003,VO,SE3,range,"{'bias_mode': 'const', 'range_sigma_floor': 0.4, 'huber_k': 1.0, 'prior_every': 8}",1.1573,,125.5
test1_align2x2,ifo003,VO,Sim3,range,"{'bias_mode': 'const', 'range_sigma_floor': 0.4, 'huber_k': 1.0, 'prior_every': 8}",0.2836,,125.5
test1_align2x2,ifo003,fused,SE3,range,"{'bias_mode': 'const', 'range_sigma_floor': 0.4, 'huber_k': 1.0, 'prior_every': 8}",0.4389,,125.5
test1_align2x2,ifo003,fused,Sim3,range,"{'bias_mode': 'const', 'range_sigma_floor': 0.4, 'huber_k': 1.0, 'prior_every': 8}",0.4232,,125.5
test2_gtrange,ifo001,fused,Sim3,gt_range,"{'sigma_odo_rot': 0.05, 'sigma_odo_trans': 0.05, 'sigma_scale_walk': 0.02, 'sigma_prior_rot': 0.1, 'sigma_prior_trans': 0.3, 'sigma_scale_prior': 0.3, 'max_odo_gap': 1.0, 'range_tol': 0.05, 'range_subsample': 1, 'robust': True, 'prior_every': 8, 'use_ranges': True, 'use_anchor': True, 'use_inter': True, 'range_sigma_floor': 0.3, 'range_bias': 0.14, 'bias_mode': 'off', 'sigma_bias_prior': 1.0, 'huber_k': 1.0, 'use_gt_range': True, 'gt_range_sigma': 0.05, 'use_height': False, 'height_sigma_floor': 0.12, 'height_huber_k': 1.5, 'height_subsample': 1}",0.4689,still degraded,69.3
test2_gtrange,ifo001,fused,SE3,gt_range,"{'sigma_odo_rot': 0.05, 'sigma_odo_trans': 0.05, 'sigma_scale_walk': 0.02, 'sigma_prior_rot': 0.1, 'sigma_prior_trans': 0.3, 'sigma_scale_prior': 0.3, 'max_odo_gap': 1.0, 'range_tol': 0.05, 'range_subsample': 1, 'robust': True, 'prior_every': 8, 'use_ranges': True, 'use_anchor': True, 'use_inter': True, 'range_sigma_floor': 0.3, 'range_bias': 0.14, 'bias_mode': 'off', 'sigma_bias_prior': 1.0, 'huber_k': 1.0, 'use_gt_range': True, 'gt_range_sigma': 0.05, 'use_height': False, 'height_sigma_floor': 0.12, 'height_huber_k': 1.5, 'height_subsample': 1}",0.5165,still degraded,69.3
test2_gtrange,ifo001,VO,Sim3,gt_range,"{'sigma_odo_rot': 0.05, 'sigma_odo_trans': 0.05, 'sigma_scale_walk': 0.02, 'sigma_prior_rot': 0.1, 'sigma_prior_trans': 0.3, 'sigma_scale_prior': 0.3, 'max_odo_gap': 1.0, 'range_tol': 0.05, 'range_subsample': 1, 'robust': True, 'prior_every': 8, 'use_ranges': True, 'use_anchor': True, 'use_inter': True, 'range_sigma_floor': 0.3, 'range_bias': 0.14, 'bias_mode': 'off', 'sigma_bias_prior': 1.0, 'huber_k': 1.0, 'use_gt_range': True, 'gt_range_sigma': 0.05, 'use_height': False, 'height_sigma_floor': 0.12, 'height_huber_k': 1.5, 'height_subsample': 1}",0.0914,still degraded,69.3
test2_gtrange,ifo002,fused,Sim3,gt_range,"{'sigma_odo_rot': 0.05, 'sigma_odo_trans': 0.05, 'sigma_scale_walk': 0.02, 'sigma_prior_rot': 0.1, 'sigma_prior_trans': 0.3, 'sigma_scale_prior': 0.3, 'max_odo_gap': 1.0, 'range_tol': 0.05, 'range_subsample': 1, 'robust': True, 'prior_every': 8, 'use_ranges': True, 'use_anchor': True, 'use_inter': True, 'range_sigma_floor': 0.3, 'range_bias': 0.14, 'bias_mode': 'off', 'sigma_bias_prior': 1.0, 'huber_k': 1.0, 'use_gt_range': True, 'gt_range_sigma': 0.05, 'use_height': False, 'height_sigma_floor': 0.12, 'height_huber_k': 1.5, 'height_subsample': 1}",0.393,still degraded,69.3
test2_gtrange,ifo002,fused,SE3,gt_range,"{'sigma_odo_rot': 0.05, 'sigma_odo_trans': 0.05, 'sigma_scale_walk': 0.02, 'sigma_prior_rot': 0.1, 'sigma_prior_trans': 0.3, 'sigma_scale_prior': 0.3, 'max_odo_gap': 1.0, 'range_tol': 0.05, 'range_subsample': 1, 'robust': True, 'prior_every': 8, 'use_ranges': True, 'use_anchor': True, 'use_inter': True, 'range_sigma_floor': 0.3, 'range_bias': 0.14, 'bias_mode': 'off', 'sigma_bias_prior': 1.0, 'huber_k': 1.0, 'use_gt_range': True, 'gt_range_sigma': 0.05, 'use_height': False, 'height_sigma_floor': 0.12, 'height_huber_k': 1.5, 'height_subsample': 1}",0.4125,still degraded,69.3
test2_gtrange,ifo002,VO,Sim3,gt_range,"{'sigma_odo_rot': 0.05, 'sigma_odo_trans': 0.05, 'sigma_scale_walk': 0.02, 'sigma_prior_rot': 0.1, 'sigma_prior_trans': 0.3, 'sigma_scale_prior': 0.3, 'max_odo_gap': 1.0, 'range_tol': 0.05, 'range_subsample': 1, 'robust': True, 'prior_every': 8, 'use_ranges': True, 'use_anchor': True, 'use_inter': True, 'range_sigma_floor': 0.3, 'range_bias': 0.14, 'bias_mode': 'off', 'sigma_bias_prior': 1.0, 'huber_k': 1.0, 'use_gt_range': True, 'gt_range_sigma': 0.05, 'use_height': False, 'height_sigma_floor': 0.12, 'height_huber_k': 1.5, 'height_subsample': 1}",0.1291,still degraded,69.3
test2_gtrange,ifo003,fused,Sim3,gt_range,"{'sigma_odo_rot': 0.05, 'sigma_odo_trans': 0.05, 'sigma_scale_walk': 0.02, 'sigma_prior_rot': 0.1, 'sigma_prior_trans': 0.3, 'sigma_scale_prior': 0.3, 'max_odo_gap': 1.0, 'range_tol': 0.05, 'range_subsample': 1, 'robust': True, 'prior_every': 8, 'use_ranges': True, 'use_anchor': True, 'use_inter': True, 'range_sigma_floor': 0.3, 'range_bias': 0.14, 'bias_mode': 'off', 'sigma_bias_prior': 1.0, 'huber_k': 1.0, 'use_gt_range': True, 'gt_range_sigma': 0.05, 'use_height': False, 'height_sigma_floor': 0.12, 'height_huber_k': 1.5, 'height_subsample': 1}",0.577,still degraded,69.3
test2_gtrange,ifo003,fused,SE3,gt_range,"{'sigma_odo_rot': 0.05, 'sigma_odo_trans': 0.05, 'sigma_scale_walk': 0.02, 'sigma_prior_rot': 0.1, 'sigma_prior_trans': 0.3, 'sigma_scale_prior': 0.3, 'max_odo_gap': 1.0, 'range_tol': 0.05, 'range_subsample': 1, 'robust': True, 'prior_every': 8, 'use_ranges': True, 'use_anchor': True, 'use_inter': True, 'range_sigma_floor': 0.3, 'range_bias': 0.14, 'bias_mode': 'off', 'sigma_bias_prior': 1.0, 'huber_k': 1.0, 'use_gt_range': True, 'gt_range_sigma': 0.05, 'use_height': False, 'height_sigma_floor': 0.12, 'height_huber_k': 1.5, 'height_subsample': 1}",0.6359,still degraded,69.3
test2_gtrange,ifo003,VO,Sim3,gt_range,"{'sigma_odo_rot': 0.05, 'sigma_odo_trans': 0.05, 'sigma_scale_walk': 0.02, 'sigma_prior_rot': 0.1, 'sigma_prior_trans': 0.3, 'sigma_scale_prior': 0.3, 'max_odo_gap': 1.0, 'range_tol': 0.05, 'range_subsample': 1, 'robust': True, 'prior_every': 8, 'use_ranges': True, 'use_anchor': True, 'use_inter': True, 'range_sigma_floor': 0.3, 'range_bias': 0.14, 'bias_mode': 'off', 'sigma_bias_prior': 1.0, 'huber_k': 1.0, 'use_gt_range': True, 'gt_range_sigma': 0.05, 'use_height': False, 'height_sigma_floor': 0.12, 'height_huber_k': 1.5, 'height_subsample': 1}",0.2836,still degraded,69.3
T1_align,UWBonly_f0.5_h0.3_pe8,ifo001,VO_SE3,1.2061,24.6,same align fn for VO and fused
T1_align,UWBonly_f0.5_h0.3_pe8,ifo001,fused_SE3,0.387,24.6,same align fn for VO and fused
T1_align,UWBonly_f0.5_h0.3_pe8,ifo001,VO_Sim3,0.0914,24.6,same align fn for VO and fused
T1_align,UWBonly_f0.5_h0.3_pe8,ifo001,fused_Sim3,0.3764,24.6,same align fn for VO and fused
T1_align,UWBonly_f0.5_h0.3_pe8,ifo002,VO_SE3,1.674,24.6,same align fn for VO and fused
T1_align,UWBonly_f0.5_h0.3_pe8,ifo002,fused_SE3,0.3516,24.6,same align fn for VO and fused
T1_align,UWBonly_f0.5_h0.3_pe8,ifo002,VO_Sim3,0.1291,24.6,same align fn for VO and fused
T1_align,UWBonly_f0.5_h0.3_pe8,ifo002,fused_Sim3,0.3507,24.6,same align fn for VO and fused
T1_align,UWBonly_f0.5_h0.3_pe8,ifo003,VO_SE3,1.1573,24.6,same align fn for VO and fused
T1_align,UWBonly_f0.5_h0.3_pe8,ifo003,fused_SE3,0.3972,24.6,same align fn for VO and fused
T1_align,UWBonly_f0.5_h0.3_pe8,ifo003,VO_Sim3,0.2836,24.6,same align fn for VO and fused
T1_align,UWBonly_f0.5_h0.3_pe8,ifo003,fused_Sim3,0.3891,24.6,same align fn for VO and fused
test3a_gtrange_ma,ifo001,fused,Sim3,gt_range,"{'sigma_odo_rot': 0.05, 'sigma_odo_trans': 0.05, 'sigma_scale_walk': 0.02, 'sigma_prior_rot': 0.1, 'sigma_prior_trans': 0.3, 'sigma_scale_prior': 0.3, 'max_odo_gap': 1.0, 'range_tol': 0.05, 'range_subsample': 1, 'robust': True, 'prior_every': 8, 'use_ranges': True, 'use_anchor': True, 'use_inter': True, 'range_sigma_floor': 0.3, 'range_bias': 0.14, 'bias_mode': 'off', 'sigma_bias_prior': 1.0, 'huber_k': 1.0, 'use_gt_range': True, 'gt_range_sigma': 0.05, 'use_moment_arm': True, 'use_height': False, 'height_sigma_floor': 0.12, 'height_huber_k': 1.5, 'height_subsample': 1}",0.2448,improved,48.0
test3a_gtrange_ma,ifo001,fused,SE3,gt_range,"{'sigma_odo_rot': 0.05, 'sigma_odo_trans': 0.05, 'sigma_scale_walk': 0.02, 'sigma_prior_rot': 0.1, 'sigma_prior_trans': 0.3, 'sigma_scale_prior': 0.3, 'max_odo_gap': 1.0, 'range_tol': 0.05, 'range_subsample': 1, 'robust': True, 'prior_every': 8, 'use_ranges': True, 'use_anchor': True, 'use_inter': True, 'range_sigma_floor': 0.3, 'range_bias': 0.14, 'bias_mode': 'off', 'sigma_bias_prior': 1.0, 'huber_k': 1.0, 'use_gt_range': True, 'gt_range_sigma': 0.05, 'use_moment_arm': True, 'use_height': False, 'height_sigma_floor': 0.12, 'height_huber_k': 1.5, 'height_subsample': 1}",0.2516,improved,48.0
test3a_gtrange_ma,ifo001,VO,Sim3,gt_range,"{'sigma_odo_rot': 0.05, 'sigma_odo_trans': 0.05, 'sigma_scale_walk': 0.02, 'sigma_prior_rot': 0.1, 'sigma_prior_trans': 0.3, 'sigma_scale_prior': 0.3, 'max_odo_gap': 1.0, 'range_tol': 0.05, 'range_subsample': 1, 'robust': True, 'prior_every': 8, 'use_ranges': True, 'use_anchor': True, 'use_inter': True, 'range_sigma_floor': 0.3, 'range_bias': 0.14, 'bias_mode': 'off', 'sigma_bias_prior': 1.0, 'huber_k': 1.0, 'use_gt_range': True, 'gt_range_sigma': 0.05, 'use_moment_arm': True, 'use_height': False, 'height_sigma_floor': 0.12, 'height_huber_k': 1.5, 'height_subsample': 1}",0.0914,improved,48.0
test3a_gtrange_ma,ifo002,fused,Sim3,gt_range,"{'sigma_odo_rot': 0.05, 'sigma_odo_trans': 0.05, 'sigma_scale_walk': 0.02, 'sigma_prior_rot': 0.1, 'sigma_prior_trans': 0.3, 'sigma_scale_prior': 0.3, 'max_odo_gap': 1.0, 'range_tol': 0.05, 'range_subsample': 1, 'robust': True, 'prior_every': 8, 'use_ranges': True, 'use_anchor': True, 'use_inter': True, 'range_sigma_floor': 0.3, 'range_bias': 0.14, 'bias_mode': 'off', 'sigma_bias_prior': 1.0, 'huber_k': 1.0, 'use_gt_range': True, 'gt_range_sigma': 0.05, 'use_moment_arm': True, 'use_height': False, 'height_sigma_floor': 0.12, 'height_huber_k': 1.5, 'height_subsample': 1}",0.3165,improved,48.0
test3a_gtrange_ma,ifo002,fused,SE3,gt_range,"{'sigma_odo_rot': 0.05, 'sigma_odo_trans': 0.05, 'sigma_scale_walk': 0.02, 'sigma_prior_rot': 0.1, 'sigma_prior_trans': 0.3, 'sigma_scale_prior': 0.3, 'max_odo_gap': 1.0, 'range_tol': 0.05, 'range_subsample': 1, 'robust': True, 'prior_every': 8, 'use_ranges': True, 'use_anchor': True, 'use_inter': True, 'range_sigma_floor': 0.3, 'range_bias': 0.14, 'bias_mode': 'off', 'sigma_bias_prior': 1.0, 'huber_k': 1.0, 'use_gt_range': True, 'gt_range_sigma': 0.05, 'use_moment_arm': True, 'use_height': False, 'height_sigma_floor': 0.12, 'height_huber_k': 1.5, 'height_subsample': 1}",0.3173,improved,48.0
test3a_gtrange_ma,ifo002,VO,Sim3,gt_range,"{'sigma_odo_rot': 0.05, 'sigma_odo_trans': 0.05, 'sigma_scale_walk': 0.02, 'sigma_prior_rot': 0.1, 'sigma_prior_trans': 0.3, 'sigma_scale_prior': 0.3, 'max_odo_gap': 1.0, 'range_tol': 0.05, 'range_subsample': 1, 'robust': True, 'prior_every': 8, 'use_ranges': True, 'use_anchor': True, 'use_inter': True, 'range_sigma_floor': 0.3, 'range_bias': 0.14, 'bias_mode': 'off', 'sigma_bias_prior': 1.0, 'huber_k': 1.0, 'use_gt_range': True, 'gt_range_sigma': 0.05, 'use_moment_arm': True, 'use_height': False, 'height_sigma_floor': 0.12, 'height_huber_k': 1.5, 'height_subsample': 1}",0.1291,improved,48.0
test3a_gtrange_ma,ifo003,fused,Sim3,gt_range,"{'sigma_odo_rot': 0.05, 'sigma_odo_trans': 0.05, 'sigma_scale_walk': 0.02, 'sigma_prior_rot': 0.1, 'sigma_prior_trans': 0.3, 'sigma_scale_prior': 0.3, 'max_odo_gap': 1.0, 'range_tol': 0.05, 'range_subsample': 1, 'robust': True, 'prior_every': 8, 'use_ranges': True, 'use_anchor': True, 'use_inter': True, 'range_sigma_floor': 0.3, 'range_bias': 0.14, 'bias_mode': 'off', 'sigma_bias_prior': 1.0, 'huber_k': 1.0, 'use_gt_range': True, 'gt_range_sigma': 0.05, 'use_moment_arm': True, 'use_height': False, 'height_sigma_floor': 0.12, 'height_huber_k': 1.5, 'height_subsample': 1}",0.2316,RECOVERED,48.0
test3a_gtrange_ma,ifo003,fused,SE3,gt_range,"{'sigma_odo_rot': 0.05, 'sigma_odo_trans': 0.05, 'sigma_scale_walk': 0.02, 'sigma_prior_rot': 0.1, 'sigma_prior_trans': 0.3, 'sigma_scale_prior': 0.3, 'max_odo_gap': 1.0, 'range_tol': 0.05, 'range_subsample': 1, 'robust': True, 'prior_every': 8, 'use_ranges': True, 'use_anchor': True, 'use_inter': True, 'range_sigma_floor': 0.3, 'range_bias': 0.14, 'bias_mode': 'off', 'sigma_bias_prior': 1.0, 'huber_k': 1.0, 'use_gt_range': True, 'gt_range_sigma': 0.05, 'use_moment_arm': True, 'use_height': False, 'height_sigma_floor': 0.12, 'height_huber_k': 1.5, 'height_subsample': 1}",0.24,RECOVERED,48.0
test3a_gtrange_ma,ifo003,VO,Sim3,gt_range,"{'sigma_odo_rot': 0.05, 'sigma_odo_trans': 0.05, 'sigma_scale_walk': 0.02, 'sigma_prior_rot': 0.1, 'sigma_prior_trans': 0.3, 'sigma_scale_prior': 0.3, 'max_odo_gap': 1.0, 'range_tol': 0.05, 'range_subsample': 1, 'robust': True, 'prior_every': 8, 'use_ranges': True, 'use_anchor': True, 'use_inter': True, 'range_sigma_floor': 0.3, 'range_bias': 0.14, 'bias_mode': 'off', 'sigma_bias_prior': 1.0, 'huber_k': 1.0, 'use_gt_range': True, 'gt_range_sigma': 0.05, 'use_moment_arm': True, 'use_height': False, 'height_sigma_floor': 0.12, 'height_huber_k': 1.5, 'height_subsample': 1}",0.2836,RECOVERED,48.0
T2aux_leverarm,mocap_gt,"(10, 20)",gt_minus_bodydist_mean,0.0718,,std=0.050 n=2
T2aux_leverarm,mocap_gt,"(10, 21)",gt_minus_bodydist_mean,0.1463,,std=0.130 n=2
T2aux_leverarm,mocap_gt,"(10, 30)",gt_minus_bodydist_mean,-0.0424,,std=0.077 n=2
T2aux_leverarm,mocap_gt,"(11, 21)",gt_minus_bodydist_mean,0.0183,,std=0.005 n=2
T2aux_leverarm,mocap_gt,"(11, 30)",gt_minus_bodydist_mean,0.2886,,std=0.070 n=4
T2aux_leverarm,mocap_gt,"(11, 31)",gt_minus_bodydist_mean,0.1058,,std=0.150 n=5
T2aux_leverarm,mocap_gt,"(20, 10)",gt_minus_bodydist_mean,-0.0067,,std=0.046 n=2
T2aux_leverarm,mocap_gt,"(20, 11)",gt_minus_bodydist_mean,-0.1581,,std=0.021 n=2
T2aux_leverarm,mocap_gt,"(20, 30)",gt_minus_bodydist_mean,-0.06,,std=0.133 n=8
T2aux_leverarm,mocap_gt,"(20, 31)",gt_minus_bodydist_mean,0.091,,std=0.211 n=6
T2aux_leverarm,mocap_gt,"(21, 10)",gt_minus_bodydist_mean,0.2809,,std=0.047 n=2
T2aux_leverarm,mocap_gt,"(21, 11)",gt_minus_bodydist_mean,0.2886,,std=0.176 n=4
T2aux_leverarm,mocap_gt,"(21, 30)",gt_minus_bodydist_mean,-0.1343,,std=0.130 n=4
T2aux_leverarm,mocap_gt,"(21, 31)",gt_minus_bodydist_mean,0.0607,,std=0.110 n=7
T2aux_leverarm,mocap_gt,"(30, 10)",gt_minus_bodydist_mean,0.0051,,std=0.014 n=3
T2aux_leverarm,mocap_gt,"(30, 11)",gt_minus_bodydist_mean,0.0723,,std=0.213 n=6
T2aux_leverarm,mocap_gt,"(30, 20)",gt_minus_bodydist_mean,0.0302,,std=0.095 n=5
T2aux_leverarm,mocap_gt,"(30, 21)",gt_minus_bodydist_mean,0.1176,,std=0.224 n=7
T2aux_leverarm,mocap_gt,"(31, 10)",gt_minus_bodydist_mean,-0.1438,,std=0.114 n=2
T2aux_leverarm,mocap_gt,"(31, 11)",gt_minus_bodydist_mean,0.0005,,std=0.006 n=3
T2aux_leverarm,mocap_gt,"(31, 20)",gt_minus_bodydist_mean,0.0182,,std=0.189 n=9
T2aux_leverarm,mocap_gt,"(31, 21)",gt_minus_bodydist_mean,0.0676,,std=0.119 n=5
T2aux_leverarm,mocap_gt,10,gt_minus_bodydist_mean,0.0109,,std=0.153 n=143
T2aux_leverarm,mocap_gt,11,gt_minus_bodydist_mean,0.0159,,std=0.157 n=182
T2aux_leverarm,mocap_gt,20,gt_minus_bodydist_mean,0.0025,,std=0.156 n=234
T2aux_leverarm,mocap_gt,21,gt_minus_bodydist_mean,0.0009,,std=0.165 n=229
T2aux_leverarm,mocap_gt,30,gt_minus_bodydist_mean,0.0047,,std=0.168 n=277
T2aux_leverarm,mocap_gt,31,gt_minus_bodydist_mean,0.0158,,std=0.142 n=302
T2aux_peranchor,mocap_gt,anchor0,gt_minus_bodydist_mean,0.0062,,std=0.155 n=204
T2aux_peranchor,mocap_gt,anchor1,gt_minus_bodydist_mean,0.009,,std=0.159 n=254
T2aux_peranchor,mocap_gt,anchor2,gt_minus_bodydist_mean,0.0054,,std=0.159 n=234
T2aux_peranchor,mocap_gt,anchor3,gt_minus_bodydist_mean,0.0122,,std=0.152 n=242
T2aux_peranchor,mocap_gt,anchor4,gt_minus_bodydist_mean,0.0155,,std=0.159 n=225
T2aux_peranchor,mocap_gt,anchor5,gt_minus_bodydist_mean,0.0002,,std=0.158 n=208
T2aux_uwberr,mocap_gt,all,range_minus_gtrange,0.0537,,std=0.221
test3a_realrange_ma,ifo001,fused,Sim3,range,"{'sigma_odo_rot': 0.05, 'sigma_odo_trans': 0.05, 'sigma_scale_walk': 0.02, 'sigma_prior_rot': 0.1, 'sigma_prior_trans': 0.3, 'sigma_scale_prior': 0.3, 'max_odo_gap': 1.0, 'range_tol': 0.05, 'range_subsample': 1, 'robust': True, 'prior_every': 8, 'use_ranges': True, 'use_anchor': True, 'use_inter': True, 'range_sigma_floor': 0.4, 'range_bias': 0.14, 'bias_mode': 'const', 'sigma_bias_prior': 1.0, 'huber_k': 1.0, 'use_gt_range': False, 'gt_range_sigma': 0.05, 'use_moment_arm': True, 'use_height': False, 'height_sigma_floor': 0.12, 'height_huber_k': 1.5, 'height_subsample': 1}",0.4306,still degraded,88.2
test3a_realrange_ma,ifo001,fused,SE3,range,"{'sigma_odo_rot': 0.05, 'sigma_odo_trans': 0.05, 'sigma_scale_walk': 0.02, 'sigma_prior_rot': 0.1, 'sigma_prior_trans': 0.3, 'sigma_scale_prior': 0.3, 'max_odo_gap': 1.0, 'range_tol': 0.05, 'range_subsample': 1, 'robust': True, 'prior_every': 8, 'use_ranges': True, 'use_anchor': True, 'use_inter': True, 'range_sigma_floor': 0.4, 'range_bias': 0.14, 'bias_mode': 'const', 'sigma_bias_prior': 1.0, 'huber_k': 1.0, 'use_gt_range': False, 'gt_range_sigma': 0.05, 'use_moment_arm': True, 'use_height': False, 'height_sigma_floor': 0.12, 'height_huber_k': 1.5, 'height_subsample': 1}",0.4451,still degraded,88.2
test3a_realrange_ma,ifo001,VO,Sim3,range,"{'sigma_odo_rot': 0.05, 'sigma_odo_trans': 0.05, 'sigma_scale_walk': 0.02, 'sigma_prior_rot': 0.1, 'sigma_prior_trans': 0.3, 'sigma_scale_prior': 0.3, 'max_odo_gap': 1.0, 'range_tol': 0.05, 'range_subsample': 1, 'robust': True, 'prior_every': 8, 'use_ranges': True, 'use_anchor': True, 'use_inter': True, 'range_sigma_floor': 0.4, 'range_bias': 0.14, 'bias_mode': 'const', 'sigma_bias_prior': 1.0, 'huber_k': 1.0, 'use_gt_range': False, 'gt_range_sigma': 0.05, 'use_moment_arm': True, 'use_height': False, 'height_sigma_floor': 0.12, 'height_huber_k': 1.5, 'height_subsample': 1}",0.0914,still degraded,88.2
test3a_realrange_ma,ifo002,fused,Sim3,range,"{'sigma_odo_rot': 0.05, 'sigma_odo_trans': 0.05, 'sigma_scale_walk': 0.02, 'sigma_prior_rot': 0.1, 'sigma_prior_trans': 0.3, 'sigma_scale_prior': 0.3, 'max_odo_gap': 1.0, 'range_tol': 0.05, 'range_subsample': 1, 'robust': True, 'prior_every': 8, 'use_ranges': True, 'use_anchor': True, 'use_inter': True, 'range_sigma_floor': 0.4, 'range_bias': 0.14, 'bias_mode': 'const', 'sigma_bias_prior': 1.0, 'huber_k': 1.0, 'use_gt_range': False, 'gt_range_sigma': 0.05, 'use_moment_arm': True, 'use_height': False, 'height_sigma_floor': 0.12, 'height_huber_k': 1.5, 'height_subsample': 1}",0.3495,improved,88.2
test3a_realrange_ma,ifo002,fused,SE3,range,"{'sigma_odo_rot': 0.05, 'sigma_odo_trans': 0.05, 'sigma_scale_walk': 0.02, 'sigma_prior_rot': 0.1, 'sigma_prior_trans': 0.3, 'sigma_scale_prior': 0.3, 'max_odo_gap': 1.0, 'range_tol': 0.05, 'range_subsample': 1, 'robust': True, 'prior_every': 8, 'use_ranges': True, 'use_anchor': True, 'use_inter': True, 'range_sigma_floor': 0.4, 'range_bias': 0.14, 'bias_mode': 'const', 'sigma_bias_prior': 1.0, 'huber_k': 1.0, 'use_gt_range': False, 'gt_range_sigma': 0.05, 'use_moment_arm': True, 'use_height': False, 'height_sigma_floor': 0.12, 'height_huber_k': 1.5, 'height_subsample': 1}",0.3496,improved,88.2
test3a_realrange_ma,ifo002,VO,Sim3,range,"{'sigma_odo_rot': 0.05, 'sigma_odo_trans': 0.05, 'sigma_scale_walk': 0.02, 'sigma_prior_rot': 0.1, 'sigma_prior_trans': 0.3, 'sigma_scale_prior': 0.3, 'max_odo_gap': 1.0, 'range_tol': 0.05, 'range_subsample': 1, 'robust': True, 'prior_every': 8, 'use_ranges': True, 'use_anchor': True, 'use_inter': True, 'range_sigma_floor': 0.4, 'range_bias': 0.14, 'bias_mode': 'const', 'sigma_bias_prior': 1.0, 'huber_k': 1.0, 'use_gt_range': False, 'gt_range_sigma': 0.05, 'use_moment_arm': True, 'use_height': False, 'height_sigma_floor': 0.12, 'height_huber_k': 1.5, 'height_subsample': 1}",0.1291,improved,88.2
test3a_realrange_ma,ifo003,fused,Sim3,range,"{'sigma_odo_rot': 0.05, 'sigma_odo_trans': 0.05, 'sigma_scale_walk': 0.02, 'sigma_prior_rot': 0.1, 'sigma_prior_trans': 0.3, 'sigma_scale_prior': 0.3, 'max_odo_gap': 1.0, 'range_tol': 0.05, 'range_subsample': 1, 'robust': True, 'prior_every': 8, 'use_ranges': True, 'use_anchor': True, 'use_inter': True, 'range_sigma_floor': 0.4, 'range_bias': 0.14, 'bias_mode': 'const', 'sigma_bias_prior': 1.0, 'huber_k': 1.0, 'use_gt_range': False, 'gt_range_sigma': 0.05, 'use_moment_arm': True, 'use_height': False, 'height_sigma_floor': 0.12, 'height_huber_k': 1.5, 'height_subsample': 1}",0.3833,improved,88.2
test3a_realrange_ma,ifo003,fused,SE3,range,"{'sigma_odo_rot': 0.05, 'sigma_odo_trans': 0.05, 'sigma_scale_walk': 0.02, 'sigma_prior_rot': 0.1, 'sigma_prior_trans': 0.3, 'sigma_scale_prior': 0.3, 'max_odo_gap': 1.0, 'range_tol': 0.05, 'range_subsample': 1, 'robust': True, 'prior_every': 8, 'use_ranges': True, 'use_anchor': True, 'use_inter': True, 'range_sigma_floor': 0.4, 'range_bias': 0.14, 'bias_mode': 'const', 'sigma_bias_prior': 1.0, 'huber_k': 1.0, 'use_gt_range': False, 'gt_range_sigma': 0.05, 'use_moment_arm': True, 'use_height': False, 'height_sigma_floor': 0.12, 'height_huber_k': 1.5, 'height_subsample': 1}",0.3945,improved,88.2
test3a_realrange_ma,ifo003,VO,Sim3,range,"{'sigma_odo_rot': 0.05, 'sigma_odo_trans': 0.05, 'sigma_scale_walk': 0.02, 'sigma_prior_rot': 0.1, 'sigma_prior_trans': 0.3, 'sigma_scale_prior': 0.3, 'max_odo_gap': 1.0, 'range_tol': 0.05, 'range_subsample': 1, 'robust': True, 'prior_every': 8, 'use_ranges': True, 'use_anchor': True, 'use_inter': True, 'range_sigma_floor': 0.4, 'range_bias': 0.14, 'bias_mode': 'const', 'sigma_bias_prior': 1.0, 'huber_k': 1.0, 'use_gt_range': False, 'gt_range_sigma': 0.05, 'use_moment_arm': True, 'use_height': False, 'height_sigma_floor': 0.12, 'height_huber_k': 1.5, 'height_subsample': 1}",0.2836,improved,88.2
T2_T3a,real_bodycentre_constbias,ifo001,ate_se3,0.387,24.3,VO=0.091 residStd=0.269
T2_T3a,real_bodycentre_constbias,ifo002,ate_se3,0.3516,24.3,VO=0.129 residStd=0.269
T2_T3a,real_bodycentre_constbias,ifo003,ate_se3,0.3972,24.3,VO=0.284 residStd=0.269
T2_T3a,gtrange_bodycentre,ifo001,ate_se3,0.2969,27.5,VO=0.091 residStd=0.282
T2_T3a,gtrange_bodycentre,ifo002,ate_se3,0.2657,27.5,VO=0.129 residStd=0.282
T2_T3a,gtrange_bodycentre,ifo003,ate_se3,0.4863,27.5,VO=0.284 residStd=0.282
T2_T3a,gtrange_momentarm,ifo001,ate_se3,0.2507,32.6,VO=0.091 residStd=0.300
T2_T3a,gtrange_momentarm,ifo002,ate_se3,0.3177,32.6,VO=0.129 residStd=0.300
T2_T3a,gtrange_momentarm,ifo003,ate_se3,0.2398,32.6,VO=0.284 residStd=0.300
T2_geom,gtrange_momentarm_HEIGHT,ifo001,ate_se3,0.1467,37.7,VO=0.091 z=0.050
T2_geom,gtrange_momentarm_HEIGHT,ifo002,ate_se3,0.2018,37.7,VO=0.129 z=0.069
T2_geom,gtrange_momentarm_HEIGHT,ifo003,ate_se3,0.1304,37.7,VO=0.284 z=0.057
T2_geom,real_momentarm_HEIGHT_biasoff,ifo001,ate_se3,0.2901,69.8,VO=0.091 z=0.051
T2_geom,real_momentarm_HEIGHT_biasoff,ifo002,ate_se3,0.229,69.8,VO=0.129 z=0.064
T2_geom,real_momentarm_HEIGHT_biasoff,ifo003,ate_se3,0.2567,69.8,VO=0.284 z=0.063
