condition,arm,sqrt_tr_sigma_m,spread_voxels,occupied,free,precision,recall,iou_pr,false_free_cells,false_free_rate_pct,obj_voxels
A_1drone_af,S_spread,0.969,19.38,352912,110814,0.1012,0.9271,0.1004,561,0.506,4688
A_1drone_af,depthonly,0.969,19.38,40681,314975,0.3082,0.3254,0.188,18505,5.875,442
A_1drone_af,full,0.969,19.38,21655,314729,0.3209,0.1804,0.1306,18814,5.978,198
B_2drone_af,S_spread,0.361,7.22,181705,177696,0.1932,0.9112,0.1896,1013,0.57,1773
B_2drone_af,depthonly,0.361,7.22,40507,310320,0.3964,0.4169,0.255,15174,4.89,407
B_2drone_af,full,0.361,7.22,33458,312736,0.4322,0.3753,0.2514,15634,4.999,365
C_3drone_af,S_spread,0.273,5.46,155234,196143,0.2217,0.8935,0.216,1293,0.659,1656
C_3drone_af,depthonly,0.273,5.46,41427,312857,0.3693,0.3971,0.2366,16311,5.214,457
C_3drone_af,full,0.273,5.46,36910,314388,0.3892,0.3729,0.2352,16561,5.268,429
D_3drone_anch,S_spread,0.039,0.78,60282,280810,0.3985,0.6236,0.3212,7847,2.794,616
D_3drone_anch,depthonly,0.039,0.78,39527,309743,0.4485,0.4601,0.2938,13709,4.426,395
D_3drone_anch,full,0.039,0.78,39427,309774,0.4489,0.4594,0.2937,13712,4.426,395
E_anchors_only,S_spread,0.044,0.88,64349,277336,0.3673,0.6136,0.2983,8166,2.944,840
E_anchors_only,depthonly,0.044,0.88,40540,310810,0.4064,0.4277,0.2632,15119,4.864,534
E_anchors_only,full,0.044,0.88,40381,310865,0.407,0.4266,0.2631,15123,4.865,533
