seq,tag,use_ranges,use_anchor,use_inter,use_height,bias_mode,range_sigma_floor,huber_k,height_sigma_floor,prior_every,err_init,err_final,ate_ifo001,ate_ifo002,ate_ifo003,ate_mean,z_ifo001,z_ifo002,z_ifo003,h_ifo001,h_ifo002,h_ifo003,scale_ifo001,scale_ifo002,scale_ifo003,iters,time_s,note
default_3_zigzag_0,mono_vo_baseline,True,True,True,False,const,0.3,1.0,0.12,0,-,-,0.0914,0.1291,0.2836,0.168,0.0141,0.0413,0.0514,0.0903,0.1223,0.2789,,,,-,0.0,Sim3-aligned mono VO
default_3_zigzag_0,odometry_only,False,True,True,False,const,0.3,1.0,0.12,8,0.0,0.0,0.0914,0.1291,0.2836,0.168,0.0141,0.0413,0.0514,0.0903,0.1223,0.2789,3.7254,4.8719,3.3261,1,0.9,ablation
default_3_zigzag_0,height_only,False,True,True,True,const,0.3,1.0,0.12,8,258.5,42.9,0.1037,0.1411,0.2843,0.1764,0.046,0.0639,0.0705,0.093,0.1258,0.2754,3.6486,4.7049,3.3185,3,6.6,ablation
default_3_zigzag_0,uwb_only,True,True,True,False,const,0.3,1.0,0.12,8,742.0,457.3,0.4435,0.4407,0.4343,0.4395,0.3497,0.3408,0.3353,0.2728,0.2794,0.276,3.8835,4.7751,3.3119,12,18.5,ablation
default_3_zigzag_0,uwb_plus_height,True,True,True,True,const,0.3,1.0,0.12,8,1000.5,545.3,0.3217,0.2814,0.2532,0.2854,0.0469,0.0632,0.0639,0.3182,0.2742,0.245,3.8556,4.7151,3.2976,14,29.6,ablation
default_3_zigzag_0,g00_AI_f0.3_h0.3_hs0.08,True,True,True,True,const,0.3,0.3,0.08,8,867.8,316.5,0.3205,0.2985,0.2646,0.2945,0.0475,0.0658,0.067,0.3169,0.2912,0.2559,3.811,4.6268,3.297,15,30.4,
default_3_zigzag_0,g01_AI_f0.3_h0.3_hs0.12,True,True,True,True,const,0.3,0.3,0.12,8,589.3,284.8,0.3246,0.2929,0.263,0.2935,0.0464,0.0636,0.0646,0.3212,0.2859,0.255,3.8185,4.6605,3.2914,10,21.6,
default_3_zigzag_0,g02_AI_f0.3_h0.5_hs0.08,True,True,True,True,const,0.3,0.5,0.08,8,1029.2,425.6,0.3152,0.2865,0.2596,0.2871,0.0474,0.0658,0.0669,0.3117,0.2788,0.2508,3.8406,4.6482,3.2899,12,24.7,
default_3_zigzag_0,g03_AI_f0.3_h0.5_hs0.12,True,True,True,True,const,0.3,0.5,0.12,8,750.6,392.7,0.3191,0.2932,0.2588,0.2904,0.0462,0.0636,0.0643,0.3157,0.2862,0.2507,3.8532,4.68,3.2888,12,23.4,
default_3_zigzag_0,g04_AI_f0.5_h0.3_hs0.08,True,True,True,True,const,0.5,0.3,0.08,8,714.2,204.7,0.3135,0.2795,0.261,0.2847,0.0474,0.0659,0.0673,0.3099,0.2716,0.2522,3.7616,4.6537,3.3067,14,27.5,
default_3_zigzag_0,g05_AI_f0.5_h0.3_hs0.12,True,True,True,True,const,0.5,0.3,0.12,8,435.7,173.0,0.3132,0.2782,0.2601,0.2838,0.0462,0.0638,0.0649,0.3098,0.2708,0.2518,3.7781,4.6977,3.3007,14,27.5,
default_3_zigzag_0,g06_AI_f0.5_h0.5_hs0.08,True,True,True,True,const,0.5,0.5,0.08,8,781.4,249.0,0.3279,0.2759,0.2533,0.2857,0.0479,0.0657,0.067,0.3244,0.2679,0.2443,3.7842,4.6748,3.3015,12,23.5,
default_3_zigzag_0,g07_AI_f0.5_h0.5_hs0.12,True,True,True,True,const,0.5,0.5,0.12,8,502.9,216.3,0.3201,0.2744,0.2527,0.2824,0.047,0.0636,0.0646,0.3166,0.2669,0.2443,3.798,4.7162,3.2985,14,26.7,
default_3_zigzag_0,g08_AI_f0.8_h0.3_hs0.08,True,True,True,True,const,0.8,0.3,0.08,8,630.4,143.7,0.3019,0.2613,0.2583,0.2738,0.0477,0.0657,0.0676,0.2981,0.2529,0.2493,3.7157,4.6599,3.3099,10,21.4,
default_3_zigzag_0,g09_AI_f0.8_h0.3_hs0.12,True,True,True,True,const,0.8,0.3,0.12,8,351.9,111.3,0.3079,0.265,0.2594,0.2774,0.0464,0.0637,0.0654,0.3044,0.2572,0.251,3.7357,4.7134,3.3085,12,22.5,
default_3_zigzag_0,g10_AI_f0.8_h0.5_hs0.08,True,True,True,True,const,0.8,0.5,0.08,8,653.1,157.6,0.3025,0.2566,0.2518,0.2703,0.0475,0.0656,0.0672,0.2987,0.2481,0.2427,3.735,4.6794,3.315,8,18.6,
default_3_zigzag_0,g11_AI_f0.8_h0.5_hs0.12,True,True,True,True,const,0.8,0.5,0.12,8,374.6,125.2,0.3064,0.256,0.2518,0.2714,0.0466,0.0636,0.0649,0.3028,0.2479,0.2433,3.7526,4.7315,3.3157,13,24.7,
default_3_zigzag_0,g12_-I_f0.3_h0.3_hs0.08,True,False,True,True,const,0.3,0.3,0.08,8,554.4,85.4,0.2438,0.1674,0.2719,0.2277,0.0485,0.0655,0.0706,0.239,0.1541,0.2625,3.6316,4.6431,3.3221,12,24.5,
default_3_zigzag_0,g13_-I_f0.3_h0.3_hs0.12,True,False,True,True,const,0.3,0.3,0.12,8,275.9,53.3,0.328,0.1665,0.2706,0.255,0.0478,0.0635,0.0685,0.3244,0.1539,0.2617,3.6523,4.709,3.3213,17,31.5,
default_3_zigzag_0,g14_-I_f0.3_h0.5_hs0.08,True,False,True,True,const,0.3,0.5,0.08,8,562.4,89.4,0.178,0.1689,0.2676,0.2048,0.0487,0.0655,0.0703,0.1712,0.1557,0.2582,3.636,4.6491,3.3313,10,19.8,
default_3_zigzag_0,g15_-I_f0.3_h0.5_hs0.12,True,False,True,True,const,0.3,0.5,0.12,8,283.9,57.4,0.1802,0.1678,0.2672,0.2051,0.0475,0.0635,0.0682,0.1738,0.1554,0.2584,3.6565,4.7133,3.3284,10,20.0,
default_3_zigzag_0,g16_-I_f0.5_h0.3_hs0.08,True,False,True,True,const,0.5,0.3,0.08,8,546.2,80.0,0.2389,0.1569,0.2711,0.2223,0.0476,0.0655,0.0709,0.2341,0.1426,0.2617,3.6282,4.6415,3.3229,13,24.1,
default_3_zigzag_0,g17_-I_f0.5_h0.3_hs0.12,True,False,True,True,const,0.5,0.3,0.12,8,267.7,47.9,0.3107,0.1803,0.2706,0.2539,0.0468,0.0635,0.0689,0.3071,0.1688,0.2617,3.6494,4.7055,3.3186,15,28.9,
default_3_zigzag_0,g18_-I_f0.5_h0.5_hs0.08,True,False,True,True,const,0.5,0.5,0.08,8,549.2,81.4,0.6089,0.159,0.2677,0.3452,0.0517,0.0655,0.0705,0.6067,0.1449,0.2582,3.6274,4.6427,3.3298,9,19.1,
default_3_zigzag_0,g19_-I_f0.5_h0.5_hs0.12,True,False,True,True,const,0.5,0.5,0.12,8,270.7,49.4,0.5772,0.1559,0.2672,0.3334,0.0502,0.0635,0.0684,0.575,0.1423,0.2583,3.6481,4.706,3.3267,9,18.8,
default_3_zigzag_0,g20_-I_f0.8_h0.3_hs0.08,True,False,True,True,const,0.8,0.3,0.08,8,541.7,77.1,0.6744,0.1512,0.2695,0.365,0.0508,0.0655,0.0712,0.6725,0.1363,0.26,3.6273,4.6403,3.3262,16,28.3,
default_3_zigzag_0,g21_-I_f0.8_h0.3_hs0.12,True,False,True,True,const,0.8,0.3,0.12,8,263.2,45.0,0.1748,0.149,0.2696,0.1978,0.0457,0.0635,0.0691,0.1688,0.1348,0.2606,3.6476,4.7053,3.3211,18,33.2,
default_3_zigzag_0,g22_-I_f0.8_h0.5_hs0.08,True,False,True,True,const,0.8,0.5,0.08,8,542.6,77.3,0.2055,0.1547,0.2681,0.2094,0.0473,0.0655,0.071,0.2,0.1402,0.2585,3.6264,4.6418,3.3293,14,25.0,
default_3_zigzag_0,g23_-I_f0.8_h0.5_hs0.12,True,False,True,True,const,0.8,0.5,0.12,8,264.1,45.3,0.2436,0.1528,0.2676,0.2213,0.0462,0.0635,0.0688,0.2392,0.139,0.2586,3.6472,4.7059,3.3261,20,34.9,
default_3_zigzag_0,g24_A-_f0.3_h0.3_hs0.08,True,True,False,True,const,0.3,0.3,0.08,8,850.5,302.6,0.323,0.2383,0.2654,0.2755,0.0483,0.0671,0.067,0.3194,0.2286,0.2568,3.8174,4.6233,3.2971,15,31.0,
default_3_zigzag_0,g25_A-_f0.3_h0.3_hs0.12,True,True,False,True,const,0.3,0.3,0.12,8,571.9,277.3,0.3357,0.2324,0.2669,0.2783,0.0508,0.0645,0.065,0.3319,0.2232,0.2589,3.815,4.6514,3.2938,7,14.6,
default_3_zigzag_0,g26_A-_f0.3_h0.5_hs0.08,True,True,False,True,const,0.3,0.5,0.08,8,1003.8,405.7,0.3264,0.247,0.2591,0.2775,0.0483,0.0674,0.0668,0.3228,0.2377,0.2504,3.8515,4.6493,3.2929,18,35.6,
default_3_zigzag_0,g27_A-_f0.3_h0.5_hs0.12,True,True,False,True,const,0.3,0.5,0.12,8,725.3,373.5,0.3224,0.243,0.2583,0.2745,0.0471,0.0651,0.0643,0.3189,0.2341,0.2501,3.8599,4.6783,3.2879,12,24.1,
default_3_zigzag_0,g28_A-_f0.5_h0.3_hs0.08,True,True,False,True,const,0.5,0.3,0.08,8,705.1,197.9,0.3159,0.228,0.2653,0.2698,0.0482,0.0671,0.0673,0.3122,0.218,0.2567,3.7668,4.6497,3.304,15,29.5,
default_3_zigzag_0,g29_A-_f0.5_h0.3_hs0.12,True,True,False,True,const,0.5,0.3,0.12,8,426.6,165.7,0.3136,0.2244,0.2603,0.2661,0.0469,0.0649,0.0649,0.3101,0.2148,0.2521,3.7859,4.693,3.3014,14,26.8,
default_3_zigzag_0,g30_A-_f0.5_h0.5_hs0.08,True,True,False,True,const,0.5,0.5,0.08,8,769.2,239.3,0.3233,0.2279,0.2552,0.2688,0.0489,0.0664,0.0669,0.3196,0.218,0.2463,3.7934,4.6745,3.3013,12,21.5,
default_3_zigzag_0,g31_A-_f0.5_h0.5_hs0.12,True,True,False,True,const,0.5,0.5,0.12,8,490.7,207.4,0.3214,0.2262,0.2578,0.2685,0.0478,0.0643,0.0646,0.3178,0.2169,0.2496,3.8083,4.7177,3.2961,14,27.7,
default_3_zigzag_0,g32_A-_f0.8_h0.3_hs0.08,True,True,False,True,const,0.8,0.3,0.08,8,625.8,139.9,0.3113,0.2179,0.2618,0.2636,0.0481,0.0664,0.0675,0.3075,0.2075,0.2529,3.7236,4.657,3.3104,12,24.1,
default_3_zigzag_0,g33_A-_f0.8_h0.3_hs0.12,True,True,False,True,const,0.8,0.3,0.12,8,347.2,107.7,0.3101,0.214,0.2594,0.2612,0.0472,0.0643,0.0651,0.3065,0.2042,0.2511,3.7435,4.7125,3.3081,13,25.2,
default_3_zigzag_0,g34_A-_f0.8_h0.5_hs0.08,True,True,False,True,const,0.8,0.5,0.08,8,647.6,153.4,0.3075,0.2123,0.2547,0.2582,0.048,0.0659,0.067,0.3037,0.2018,0.2457,3.7422,4.6816,3.3163,9,16.6,
default_3_zigzag_0,g35_A-_f0.8_h0.5_hs0.12,True,True,False,True,const,0.8,0.5,0.12,8,369.0,121.3,0.3093,0.2114,0.2534,0.258,0.0465,0.0638,0.0647,0.3058,0.2015,0.245,3.7607,4.7322,3.3113,8,15.8,
