seq,tag,bias_mode,range_sigma_floor,huber_k,prior_every,robust,err_init,err_final,ate_ifo001,ate_ifo002,ate_ifo003,ate_mean,iters,time_s,note
default_3_zigzag_0,mono_vo_baseline,-,-,-,-,-,-,-,0.0914,0.1291,0.2836,0.168,-,-,Sim3-aligned mono VO (target to beat)
default_3_zigzag_0,odometry_only_pe0,const,0.3,1.0,0,True,0.0,0.0,0.0914,0.1291,0.2836,0.168,1,0.9,no range factors
default_3_zigzag_0,odometry_only_pe8,const,0.3,1.0,8,True,0.0,0.0,0.0914,0.1291,0.2836,0.168,1,1.1,no range factors
default_3_zigzag_0,g00_const_f0.2_h0.3_pe0,const,0.2,0.3,0,True,126.76,69.87,0.5729,0.5528,0.4487,0.5248,13,18.6,
default_3_zigzag_0,g01_const_f0.2_h0.3_pe8,const,0.2,0.3,8,True,126.76,76.89,0.4529,0.1678,0.2958,0.3055,15,22.9,
default_3_zigzag_0,g02_const_f0.2_h0.5_pe0,const,0.2,0.5,0,True,195.4,104.73,0.5975,0.2212,0.3604,0.393,30,43.9,
default_3_zigzag_0,g03_const_f0.2_h0.5_pe8,const,0.2,0.5,8,True,195.4,115.01,0.4626,0.1614,0.3006,0.3082,18,26.2,
default_3_zigzag_0,g04_const_f0.2_h1.0_pe0,const,0.2,1.0,0,True,319.22,164.2,0.5693,0.2699,0.3864,0.4086,30,42.3,
default_3_zigzag_0,g05_const_f0.2_h1.0_pe8,const,0.2,1.0,8,True,319.22,178.32,0.4388,0.1634,0.3026,0.3016,10,14.9,
default_3_zigzag_0,g06_const_f0.3_h0.3_pe0,const,0.3,0.3,0,True,79.72,43.2,0.6219,0.415,0.4139,0.4836,27,37.9,
default_3_zigzag_0,g07_const_f0.3_h0.3_pe8,const,0.3,0.3,8,True,79.72,48.94,0.4448,0.1566,0.2925,0.2979,11,15.9,
default_3_zigzag_0,g08_const_f0.3_h0.5_pe0,const,0.3,0.5,0,True,117.85,62.51,0.5894,0.4563,0.4823,0.5093,15,23.5,
default_3_zigzag_0,g09_const_f0.3_h0.5_pe8,const,0.3,0.5,8,True,117.85,69.97,0.4498,0.1607,0.2946,0.3017,13,20.2,
default_3_zigzag_0,g10_const_f0.3_h1.0_pe0,const,0.3,1.0,0,True,174.05,89.48,0.5557,0.2285,0.3641,0.3827,30,41.9,
default_3_zigzag_0,g11_const_f0.3_h1.0_pe8,const,0.3,1.0,8,True,174.05,98.5,0.4231,0.1563,0.295,0.2915,16,23.0,
default_3_zigzag_0,g12_const_f0.4_h0.3_pe0,const,0.4,0.3,0,True,56.34,30.79,0.5528,0.3351,0.4113,0.4331,9,13.1,
default_3_zigzag_0,g13_const_f0.4_h0.3_pe8,const,0.4,0.3,8,True,56.34,34.9,0.4331,0.1519,0.2899,0.2916,8,12.3,
default_3_zigzag_0,g14_const_f0.4_h0.5_pe0,const,0.4,0.5,0,True,79.81,41.61,0.6415,0.4068,0.4206,0.4896,24,35.1,
default_3_zigzag_0,g15_const_f0.4_h0.5_pe8,const,0.4,0.5,8,True,79.81,47.66,0.4382,0.1563,0.2908,0.2951,10,15.4,
default_3_zigzag_0,g16_const_f0.4_h1.0_pe0,const,0.4,1.0,0,True,107.73,55.98,0.5217,0.1713,0.3376,0.3436,30,43.5,
default_3_zigzag_0,g17_const_f0.4_h1.0_pe8,const,0.4,1.0,8,True,107.73,61.93,0.4057,0.1489,0.2909,0.2819,23,33.0,
default_3_zigzag_0,g18_const_f0.5_h0.3_pe0,const,0.5,0.3,0,True,42.43,22.93,0.5443,0.2897,0.397,0.4103,15,22.1,
default_3_zigzag_0,g19_const_f0.5_h0.3_pe8,const,0.5,0.3,8,True,42.43,26.4,0.4076,0.1505,0.2876,0.2819,8,12.6,
default_3_zigzag_0,g20_const_f0.5_h0.5_pe0,const,0.5,0.5,0,True,57.69,30.19,0.5619,0.322,0.3912,0.425,20,27.8,
default_3_zigzag_0,g21_const_f0.5_h0.5_pe8,const,0.5,0.5,8,True,57.69,34.58,0.4312,0.1523,0.288,0.2905,11,15.9,
default_3_zigzag_0,g22_const_f0.5_h1.0_pe0,const,0.5,1.0,0,True,72.45,38.77,0.4542,0.1488,0.3186,0.3072,5,8.1,
default_3_zigzag_0,g23_const_f0.5_h1.0_pe8,const,0.5,1.0,8,True,72.45,42.23,0.4151,0.1567,0.289,0.287,12,18.6,
default_3_zigzag_0,g24_off_f0.2_h0.3_pe0,off,0.2,0.3,0,True,128.31,67.19,0.5844,0.7515,0.6181,0.6513,26,37.0,
default_3_zigzag_0,g25_off_f0.2_h0.3_pe8,off,0.2,0.3,8,True,128.31,75.85,0.5066,0.1601,0.3008,0.3225,22,32.3,
default_3_zigzag_0,g26_off_f0.2_h0.5_pe0,off,0.2,0.5,0,True,198.03,101.74,0.5454,0.2476,0.3813,0.3914,30,42.5,
default_3_zigzag_0,g27_off_f0.2_h0.5_pe8,off,0.2,0.5,8,True,198.03,112.66,0.5281,0.1598,0.3062,0.3314,16,23.2,
default_3_zigzag_0,g28_off_f0.2_h1.0_pe0,off,0.2,1.0,0,True,327.18,158.39,0.5697,0.455,0.4622,0.4956,14,20.5,
default_3_zigzag_0,g29_off_f0.2_h1.0_pe8,off,0.2,1.0,8,True,327.18,173.5,0.4881,0.1585,0.3117,0.3194,12,18.0,
default_3_zigzag_0,g30_off_f0.3_h0.3_pe0,off,0.3,0.3,0,True,80.76,42.17,0.619,0.7239,0.5396,0.6275,15,21.5,
default_3_zigzag_0,g31_off_f0.3_h0.3_pe8,off,0.3,0.3,8,True,80.76,48.7,0.4172,0.1452,0.2955,0.286,11,17.5,
default_3_zigzag_0,g32_off_f0.3_h0.5_pe0,off,0.3,0.5,0,True,119.89,61.02,0.5404,0.2166,0.3749,0.3773,16,22.4,
default_3_zigzag_0,g33_off_f0.3_h0.5_pe8,off,0.3,0.5,8,True,119.89,69.24,0.5038,0.1535,0.2991,0.3188,13,19.4,
default_3_zigzag_0,g34_off_f0.3_h1.0_pe0,off,0.3,1.0,0,True,182.48,86.37,0.5588,0.215,0.3766,0.3835,30,43.6,
default_3_zigzag_0,g35_off_f0.3_h1.0_pe8,off,0.3,1.0,8,True,182.48,96.96,0.4639,0.1569,0.3012,0.3073,9,13.6,
default_3_zigzag_0,g36_off_f0.4_h0.3_pe0,off,0.4,0.3,0,True,57.16,29.92,0.5706,0.5159,0.4568,0.5145,8,11.6,
default_3_zigzag_0,g37_off_f0.4_h0.3_pe8,off,0.4,0.3,8,True,57.16,34.92,0.46,0.1394,0.2923,0.2972,8,11.8,
default_3_zigzag_0,g38_off_f0.4_h0.5_pe0,off,0.4,0.5,0,True,81.8,40.82,0.623,0.6377,0.5164,0.5924,15,22.0,
default_3_zigzag_0,g39_off_f0.4_h0.5_pe8,off,0.4,0.5,8,True,81.8,47.59,0.435,0.1488,0.2945,0.2928,12,18.5,
default_3_zigzag_0,g40_off_f0.4_h1.0_pe0,off,0.4,1.0,0,True,116.49,53.53,0.5661,0.2155,0.3819,0.3878,21,30.1,
default_3_zigzag_0,g41_off_f0.4_h1.0_pe8,off,0.4,1.0,8,True,116.49,62.23,0.4299,0.1519,0.295,0.2923,6,9.0,
default_3_zigzag_0,g42_off_f0.5_h0.3_pe0,off,0.5,0.3,0,True,43.16,22.17,0.5872,0.4447,0.4276,0.4865,10,15.5,
default_3_zigzag_0,g43_off_f0.5_h0.3_pe8,off,0.5,0.3,8,True,43.16,26.59,0.4523,0.137,0.2899,0.2931,9,13.9,
default_3_zigzag_0,g44_off_f0.5_h0.5_pe0,off,0.5,0.5,0,True,59.74,29.46,0.5727,0.2677,0.3985,0.4129,7,12.5,
default_3_zigzag_0,g45_off_f0.5_h0.5_pe8,off,0.5,0.5,8,True,59.74,34.87,0.4175,0.145,0.291,0.2845,10,14.4,
default_3_zigzag_0,g46_off_f0.5_h1.0_pe0,off,0.5,1.0,0,True,80.57,36.15,0.5706,0.1978,0.373,0.3804,24,34.1,
default_3_zigzag_0,g47_off_f0.5_h1.0_pe8,off,0.5,1.0,8,True,80.57,43.3,0.4157,0.1478,0.2924,0.2853,8,13.2,
