tag,cond,coverage,arm,corrupt,stride,band,w,k_sigma,false_passable_rate,n_false_passable,n_gt_not_passable,passable_recall,n_true_passable,n_gt_passable,n_pred_passable,reachable_iou,n_pred_unknown,n_gt_unknown,n_cells,n_false_passable_on_gt_occupied,n_false_passable_on_gt_unknown,n_false_passable_on_gt_free,n_reachable_inter,n_reachable_union,n_pred_reachable,n_gt_reachable,n_pred_occupied,n_pred_free,n_gt_occupied,n_gt_free,door_width_error,grade_agreement,grade_agreement_on_gt_free,cm_gt_blocked_pred_blocked,cmfree_gt_blocked_pred_blocked,cm_gt_blocked_pred_narrow,cmfree_gt_blocked_pred_narrow,cm_gt_blocked_pred_walk,cmfree_gt_blocked_pred_walk,cm_gt_narrow_pred_blocked,cmfree_gt_narrow_pred_blocked,cm_gt_narrow_pred_narrow,cmfree_gt_narrow_pred_narrow,cm_gt_narrow_pred_walk,cmfree_gt_narrow_pred_walk,cm_gt_walk_pred_blocked,cmfree_gt_walk_pred_blocked,cm_gt_walk_pred_narrow,cmfree_gt_walk_pred_narrow,cm_gt_walk_pred_walk,cmfree_gt_walk_pred_walk,entry_from,entry_note,gt_entry_x,gt_entry_y,sigma_xy_median,sigma_xy_p90,ate_pooled
clean_flat,C_3drone,ii_all_cams,depth_only,none,4,walk,0.7,0.0,0.010729709273852455,482,44922,0.2377923676651621,1159,4874,1641,0.39951807228915664,39954,33975,49796,24,89,369,829,2075,1035,1869,3467,6375,6705,9116,nan,0.9046710579162985,0.49462483545414654,44157,3617,378,296,183,125,908,908,198,198,171,171,2871,2871,236,236,694,694,shared_door,"snapped gt 0.20 m, map 0.20 m",-2.35,-19.55,0.7503940994598413,1.8562739301089424,0.09642609770937845
clean_flat,C_3drone,ii_all_cams,depth_only,none,4,crawl,0.7,0.0,0.012021980486710777,536,44585,0.25945116100556515,1352,5211,1888,0.41502519468621163,40597,34465,49796,24,93,419,906,2183,1133,1956,2322,6877,5500,9831,nan,0.90027311430637,0.5086969789441562,43744,3915,398,321,212,153,979,979,219,219,190,190,2966,2966,221,221,867,867,shared_door,"snapped gt 0.20 m, map 0.20 m",-2.35,-19.55,0.7503940994598413,1.8562739301089424,0.09642609770937845
jitter5cm_flat,C_3drone,ii_all_cams,depth_only,jitter0.05,4,walk,0.7,0.0,0.005654245136013534,254,44922,0.18649979482970866,909,4874,1163,0.017590618336886993,38957,33975,49796,16,74,164,33,1876,40,1869,4843,5996,6705,9116,nan,0.9051731062735963,0.4948442299254059,44399,3836,247,175,72,27,1031,1031,167,167,79,79,2988,2988,305,305,508,508,shared_door,"snapped gt 0.20 m, map 0.50 m",-2.35,-19.55,0.7503940994598413,1.8562739301089424,0.09642609770937845
jitter5cm_flat,C_3drone,ii_all_cams,depth_only,jitter0.05,4,crawl,0.7,0.0,0.006257709992149826,279,44585,0.18288236422951448,953,5211,1232,0.020376974019358125,39698,34465,49796,16,70,193,40,1963,47,1956,3494,6604,5500,9831,nan,0.8976624628484215,0.49303224493947717,44001,4148,283,206,70,35,1121,1121,178,178,89,89,3203,3203,330,330,521,521,shared_door,"snapped gt 0.20 m, map 0.50 m",-2.35,-19.55,0.7503940994598413,1.8562739301089424,0.09642609770937845
clean_sgbm_flat,C_3drone,ii_all_cams,depth_only,none,4,walk,0.7,0.0,4.452161524420106e-05,2,44922,0.008411981945014363,41,4874,43,0.0,35263,33975,49796,0,0,2,0,1907,38,1869,10997,3536,6705,9116,nan,0.8984456582858061,0.44537077665642827,44710,4031,8,7,0,0,1263,1263,14,14,0,0,3759,3759,27,27,15,15,map_default,"entry point (-2.35, -19.55) has no passable cell within 1.50 m",-2.35,-19.55,0.7503940994598413,1.8562739301089424,0.09642609770937845
clean_sgbm_flat,C_3drone,ii_all_cams,depth_only,none,4,crawl,0.7,0.0,4.4858136144443195e-05,2,44585,0.010938399539435808,57,5211,59,0.0,37057,34465,49796,0,0,2,0,1994,38,1956,8645,4094,5500,9831,nan,0.8912563258093019,0.44929305258874985,44346,4382,8,7,0,0,1370,1370,18,18,0,0,3997,3997,40,40,17,17,map_default,"entry point (-2.35, -19.55) has no passable cell within 1.50 m",-2.35,-19.55,0.7503940994598413,1.8562739301089424,0.09642609770937845
sgbm_AB035_flat,C_3drone,ii_all_cams,depth_only,none,4,walk,0.7,0.0,4.452161524420106e-05,2,44922,0.004308576118178088,21,4874,23,0.005879208979155532,40145,33975,49796,0,0,2,11,1871,13,1869,7004,2647,6705,9116,nan,0.8981042654028436,0.44339622641509435,44715,4035,3,3,0,0,1270,1270,6,6,1,1,3773,3773,27,27,1,1,map_default,"entry point (-2.35, -19.55) has no passable cell within 1.50 m",-2.35,-19.55,0.7503940994598413,1.8562739301089424,0.09642609770937845
sgbm_AB035_flat,C_3drone,ii_all_cams,depth_only,none,4,crawl,0.7,0.0,0.0002467197487944376,11,44585,0.005373248896564959,28,5211,39,0.0056179775280898875,41762,34465,49796,0,9,2,11,1958,13,1956,5011,3023,5500,9831,nan,0.890553458109085,0.4469535143932459,44336,4384,18,5,0,0,1380,1380,7,7,1,1,4019,4019,32,32,3,3,map_default,"entry point (-2.35, -19.55) has no passable cell within 1.50 m",-2.35,-19.55,0.7503940994598413,1.8562739301089424,0.09642609770937845
sgbm_A_flat,C_3drone,ii_all_cams,depth_only,none,4,walk,0.7,0.0,4.452161524420106e-05,2,44922,0.008411981945014363,41,4874,43,0.0,36569,33975,49796,0,0,2,0,1907,38,1869,9886,3341,6705,9116,nan,0.898465740220098,0.44537077665642827,44711,4031,7,7,0,0,1263,1263,14,14,0,0,3759,3759,27,27,15,15,map_default,"entry point (-2.35, -19.55) has no passable cell within 1.50 m",-2.35,-19.55,0.7503940994598413,1.8562739301089424,0.09642609770937845
sgbm_A_flat,C_3drone,ii_all_cams,depth_only,none,4,crawl,0.7,0.0,4.4858136144443195e-05,2,44585,0.010938399539435808,57,5211,59,0.0,37886,34465,49796,0,0,2,0,1994,38,1956,7975,3935,5500,9831,nan,0.8912764077435938,0.44929305258874985,44347,4382,7,7,0,0,1370,1370,18,18,0,0,3997,3997,40,40,17,17,map_default,"entry point (-2.35, -19.55) has no passable cell within 1.50 m",-2.35,-19.55,0.7503940994598413,1.8562739301089424,0.09642609770937845
sgbm_B035_flat,C_3drone,ii_all_cams,depth_only,none,4,walk,0.7,0.0,4.452161524420106e-05,2,44922,0.005744768157570784,28,4874,30,0.00749063670411985,39511,33975,49796,0,0,2,14,1869,14,1869,7606,2679,6705,9116,nan,0.8981444292714275,0.44361562088635365,44715,4035,3,3,0,0,1270,1270,6,6,1,1,3766,3766,32,32,3,3,map_default,"entry point (-2.35, -19.55) has no passable cell within 1.50 m",-2.35,-19.55,0.7503940994598413,1.8562739301089424,0.09642609770937845
sgbm_B035_flat,C_3drone,ii_all_cams,depth_only,none,4,crawl,0.7,0.0,0.0006504429740944264,29,44585,0.005373248896564959,28,5211,57,0.007157464212678937,41608,34465,49796,0,27,2,14,1956,14,1956,5103,3085,5500,9831,nan,0.8900714916860792,0.4468517953412674,44312,4383,39,6,3,0,1380,1380,7,7,1,1,4019,4019,32,32,3,3,map_default,"entry point (-2.35, -19.55) has no passable cell within 1.50 m",-2.35,-19.55,0.7503940994598413,1.8562739301089424,0.09642609770937845
ideal_B035_flat,C_3drone,ii_all_cams,depth_only,none,4,walk,0.7,0.0,0.0017586038021459418,79,44922,0.11202297907263029,546,4874,625,0.0026666666666666666,42865,33975,49796,0,4,75,5,1875,11,1869,3324,3607,6705,9116,nan,0.9052132701421801,0.48310662571303203,44622,3950,87,79,9,9,1143,1143,94,94,40,40,3308,3308,133,133,360,360,shared_door,"snapped gt 0.20 m, map 0.20 m",-2.35,-19.55,0.7503940994598413,1.8562739301089424,0.09642609770937845
ideal_B035_flat,C_3drone,ii_all_cams,depth_only,none,4,crawl,0.7,0.0,0.0028036335090277,125,44585,0.12569564383035886,655,5211,780,0.003045685279187817,43543,34465,49796,0,15,110,6,1970,20,1956,2187,4066,5500,9831,nan,0.8990079524459796,0.49089614484793004,44201,4260,134,110,19,19,1234,1234,98,98,56,56,3476,3476,110,110,468,468,shared_door,"snapped gt 0.20 m, map 0.20 m",-2.35,-19.55,0.7503940994598413,1.8562739301089424,0.09642609770937845
clean_sgbmfix_flat,C_3drone,ii_all_cams,depth_only,none,4,walk,0.7,0.0,0.002849383375628868,128,44922,0.047804677882642595,233,4874,361,0.10670103092783505,36500,33975,49796,22,43,63,207,1940,278,1869,7278,6018,6705,9116,nan,0.8980038557313841,0.45239139973672665,44554,3961,105,45,59,32,1210,1210,46,46,21,21,3578,3578,106,106,117,117,shared_door,"snapped gt 0.20 m, map 0.36 m",-2.35,-19.55,0.7503940994598413,1.8562739301089424,0.09642609770937845
clean_sgbmfix_flat,C_3drone,ii_all_cams,depth_only,none,4,crawl,0.7,0.0,0.0031176404620388023,139,44585,0.05776242563807331,301,5211,440,0.12371134020618557,38565,34465,49796,22,36,81,252,2037,333,1956,4630,6601,5500,9831,nan,0.8915173909550967,0.45834604821483066,44176,4288,116,65,62,36,1302,1302,55,55,31,31,3781,3781,110,110,163,163,shared_door,"snapped gt 0.20 m, map 0.36 m",-2.35,-19.55,0.7503940994598413,1.8562739301089424,0.09642609770937845
sgbmfix_AB035_flat,C_3drone,ii_all_cams,depth_only,none,4,walk,0.7,0.0,0.0005565201905525132,25,44922,0.050061551087402546,244,4874,269,0.0005350454788657035,41243,33975,49796,0,1,24,1,1869,1,1869,5110,3443,6705,9116,nan,0.9007349987950839,0.45809565598946905,44685,4008,33,30,0,0,1226,1226,43,43,8,8,3544,3544,132,132,125,125,shared_door,"snapped gt 0.20 m, map 0.94 m",-2.35,-19.55,0.7503940994598413,1.8562739301089424,0.09642609770937845
sgbmfix_AB035_flat,C_3drone,ii_all_cams,depth_only,none,4,crawl,0.7,0.0,0.000672872042166648,30,44585,0.051621569756284784,269,5211,299,0.0005104645227156713,42883,34465,49796,0,2,28,1,1959,4,1956,3042,3871,5500,9831,nan,0.8934050927785364,0.4610924626182484,44306,4351,48,38,0,0,1329,1329,51,51,8,8,3769,3769,154,154,131,131,shared_door,"snapped gt 0.20 m, map 0.94 m",-2.35,-19.55,0.7503940994598413,1.8562739301089424,0.09642609770937845
sgbmfix_A_flat,C_3drone,ii_all_cams,depth_only,none,4,walk,0.7,0.0,0.002849383375628868,128,44922,0.051702913418137056,252,4874,380,0.10670103092783505,37943,33975,49796,22,42,64,207,1940,278,1869,6038,5815,6705,9116,nan,0.8981444292714275,0.4528301886792453,44556,3960,102,46,60,32,1208,1208,46,46,23,23,3562,3562,117,117,122,122,shared_door,"snapped gt 0.20 m, map 0.36 m",-2.35,-19.55,0.7503940994598413,1.8562739301089424,0.09642609770937845
sgbmfix_A_flat,C_3drone,ii_all_cams,depth_only,none,4,crawl,0.7,0.0,0.0031176404620388023,139,44585,0.05776242563807331,301,5211,440,0.12371134020618557,39365,34465,49796,22,34,83,252,2037,333,1956,4052,6379,5500,9831,nan,0.8915575548236806,0.4582443291628522,44178,4287,113,65,63,37,1302,1302,55,55,31,31,3781,3781,110,110,163,163,shared_door,"snapped gt 0.20 m, map 0.36 m",-2.35,-19.55,0.7503940994598413,1.8562739301089424,0.09642609770937845
sgbmfix_B035_flat,C_3drone,ii_all_cams,depth_only,none,4,walk,0.7,0.0,0.0005565201905525132,25,44922,0.0508822322527698,248,4874,273,0.0005350454788657035,40654,33975,49796,0,1,24,1,1869,1,1869,5682,3460,6705,9116,nan,0.9008153265322516,0.4585344449319877,44685,4008,33,30,0,0,1226,1226,43,43,8,8,3541,3541,131,131,129,129,shared_door,"snapped gt 0.20 m, map 0.94 m",-2.35,-19.55,0.7503940994598413,1.8562739301089424,0.09642609770937845
sgbmfix_B035_flat,C_3drone,ii_all_cams,depth_only,none,4,crawl,0.7,0.0,0.000672872042166648,30,44585,0.051621569756284784,269,5211,299,0.0005104645227156713,42748,34465,49796,0,2,28,1,1959,4,1956,3101,3947,5500,9831,nan,0.8934050927785364,0.4610924626182484,44306,4351,48,38,0,0,1329,1329,51,51,8,8,3769,3769,154,154,131,131,shared_door,"snapped gt 0.20 m, map 0.94 m",-2.35,-19.55,0.7503940994598413,1.8562739301089424,0.09642609770937845
