condition,arm,w_pose_span,occupied,free,precision,recall,iou_pr,false_free_cells,false_free_rate_pct,obj_voxels
A_1drone_af,full,1.0,21655,314729,0.3209,0.1804,0.1306,18814,5.978,198
A_1drone_af,depthonly,1.0,40681,314975,0.3082,0.3254,0.188,18505,5.875,442
A_1drone_af,uniform,1.0,64407,310251,0.2387,0.3991,0.1756,17966,5.791,555
B_2drone_af,full,0.996,33458,312736,0.4322,0.3753,0.2514,15634,4.999,365
B_2drone_af,depthonly,0.996,40507,310320,0.3964,0.4169,0.255,15174,4.89,407
B_2drone_af,uniform,0.996,64393,304945,0.2931,0.49,0.2246,14702,4.821,526
C_3drone_af,full,0.424,36910,314388,0.3892,0.3729,0.2352,16561,5.268,429
C_3drone_af,depthonly,0.424,41427,312857,0.3693,0.3971,0.2366,16311,5.214,457
C_3drone_af,uniform,0.424,64920,307691,0.2739,0.4616,0.2076,15905,5.169,586
D_3drone_anch,full,0.005,39427,309774,0.4489,0.4594,0.2937,13712,4.426,395
D_3drone_anch,depthonly,0.005,39527,309743,0.4485,0.4601,0.2938,13709,4.426,395
D_3drone_anch,uniform,0.005,62790,305282,0.3147,0.513,0.2423,13992,4.583,550
E_anchors_only,full,0.008,40381,310865,0.407,0.4266,0.2631,15123,4.865,533
E_anchors_only,depthonly,0.008,40540,310810,0.4064,0.4277,0.2632,15119,4.864,534
E_anchors_only,uniform,0.008,63518,305968,0.295,0.4864,0.2249,14955,4.888,751
