condition,arm,n_free_cells,spearman_cell,pointbiserial_cell,decile,decile_tr_sigma,decile_false_free_pct,decile_n
A_1drone_af,uniform,310251,0.0474,0.0442,1,0.01505,4.081,31025
A_1drone_af,uniform,310251,0.0474,0.0442,2,0.05492,5.741,31025
A_1drone_af,uniform,310251,0.0474,0.0442,3,0.22815,5.789,31026
A_1drone_af,uniform,310251,0.0474,0.0442,4,0.48445,4.145,31024
A_1drone_af,uniform,310251,0.0474,0.0442,5,0.67337,3.9,31025
A_1drone_af,uniform,310251,0.0474,0.0442,6,0.81247,5.028,31026
A_1drone_af,uniform,310251,0.0474,0.0442,7,0.96986,6.295,31025
A_1drone_af,uniform,310251,0.0474,0.0442,8,1.13784,7.114,31024
A_1drone_af,uniform,310251,0.0474,0.0442,9,1.3261,7.629,31025
A_1drone_af,uniform,310251,0.0474,0.0442,10,1.6569,8.187,31026
C_3drone_af,uniform,307691,0.0183,0.0141,1,0.01039,5.203,30769
C_3drone_af,uniform,307691,0.0183,0.0141,2,0.01723,6.568,30769
C_3drone_af,uniform,307691,0.0183,0.0141,3,0.0295,4.521,30769
C_3drone_af,uniform,307691,0.0183,0.0141,4,0.04634,4.277,30769
C_3drone_af,uniform,307691,0.0183,0.0141,5,0.06661,4.272,30757
C_3drone_af,uniform,307691,0.0183,0.0141,6,0.08115,3.294,30782
C_3drone_af,uniform,307691,0.0183,0.0141,7,0.08985,4.258,30768
C_3drone_af,uniform,307691,0.0183,0.0141,8,0.10034,5.593,30769
C_3drone_af,uniform,307691,0.0183,0.0141,9,0.11156,5.922,30769
C_3drone_af,uniform,307691,0.0183,0.0141,10,0.1271,7.784,30770
D_3drone_anch,uniform,305282,-0.0136,-0.0045,1,0.00124,5.061,30529
D_3drone_anch,uniform,305282,-0.0136,-0.0045,2,0.0014,4.999,30528
D_3drone_anch,uniform,305282,-0.0136,-0.0045,3,0.00146,5.929,30528
D_3drone_anch,uniform,305282,-0.0136,-0.0045,4,0.00149,4.409,30528
D_3drone_anch,uniform,305282,-0.0136,-0.0045,5,0.00152,3.702,30528
D_3drone_anch,uniform,305282,-0.0136,-0.0045,6,0.00154,3.908,30528
D_3drone_anch,uniform,305282,-0.0136,-0.0045,7,0.00158,4.691,30528
D_3drone_anch,uniform,305282,-0.0136,-0.0045,8,0.00164,4.884,30528
D_3drone_anch,uniform,305282,-0.0136,-0.0045,9,0.00174,3.708,30528
D_3drone_anch,uniform,305282,-0.0136,-0.0045,10,0.00194,4.543,30529
